Reference,Qty,Value,DNP,Exclude from BOM,Exclude from Board,Footprint,Datasheet,,Price,Website,
"D1,D2,D3,D4,D5,D6,D7,D8,D9,D10,D11,D12,D13,D15,D16,D18,D19,D20,D21,D22,D23,D24,D25,D26,D27,D28,D30,D31,D33,D34,D35,D36,D37,D38,D39,D40,D41,D42,D43,D45,D46,D48,D49,D50,D51,D52,D53,D54,D55,D56,D57,D58,D60,D61,D62,D63,D68,D73,D74,D75,D120,D121",62,Diode,,,,Diode_SMD:D_SOD-123F,,,$1.41 ,https://www.aliexpress.com/item/1005007536859190.html?spm=a2g0o.productlist.main.2.48163d002bnrsD&algo_pvid=0830e50a-e785-4516-8660-e4ac812bc87c&algo_exp_id=0830e50a-e785-4516-8660-e4ac812bc87c-1&pdp_ext_f=%7B%22order%22%3A%22217%22%2C%22spu_best_type%22%3A%22order%22%2C%22eval%22%3A%221%22%2C%22fromPage%22%3A%22search%22%7D&pdp_npi=6%40dis%21USD%211.41%211.14%21%21%219.80%217.92%21%402101e8f317670568616322984e1797%2112000041198924897%21sea%21CA%216967380896%21ABX%211%210%21n_tag%3A-29910%3Bd%3Ad6f22de0%3Bm03_new_user%3A-29895%3BpisId%3A5000000187474241&curPageLogUid=P8NopE6CzZ6E&utparam-url=scene%3Asearch%7Cquery_from%3A%7Cx_object_id%3A1005007536859190%7C_p_origin_prod%3A,
"D14,D17,D29,D32,D44,D47,D59,D64,D65,D66",10,WS2812B,,,,LED_SMD:LED_WS2812B_PLCC4_5.0x5.0mm_P3.2mm,https://cdn-shop.adafruit.com/datasheets/WS2812B.pdf,,$1.74 ,https://www.aliexpress.com/item/1005001376489095.html?spm=a2g0o.productlist.main.54.940c744exhXyzA&algo_pvid=5f19a9fc-bcf8-45b5-8148-63e7f7134613&algo_exp_id=5f19a9fc-bcf8-45b5-8148-63e7f7134613-53&pdp_ext_f=%7B%22order%22%3A%22136%22%2C%22eval%22%3A%221%22%2C%22fromPage%22%3A%22search%22%7D&pdp_npi=6%40dis%21USD%211.74%211.14%21%21%2112.05%217.90%21%40210311c217690383898652488ef53b%2112000029992995670%21sea%21CA%216967380896%21ABX%211%210%21n_tag%3A-29910%3Bd%3Ad6f22de0%3Bm03_new_user%3A-29895%3BpisId%3A5000000197831921&curPageLogUid=NBeugOt4vb7Q&utparam-url=scene%3Asearch%7Cquery_from%3A%7Cx_object_id%3A1005001376489095%7C_p_origin_prod%3A,
S1,1,esc,,,,PCM_Switch_Keyboard_Hotswap_Kailh:SW_Hotswap_Kailh_Choc_V1V2_1.00u,~,,,0.35,unit price
S2,1,1,,,,PCM_Switch_Keyboard_Hotswap_Kailh:SW_Hotswap_Kailh_Choc_V1V2_1.00u,~,,,0.35,unit price
S3,1,2,,,,PCM_Switch_Keyboard_Hotswap_Kailh:SW_Hotswap_Kailh_Choc_V1V2_1.00u,~,,,0.35,unit price
S4,1,3,,,,PCM_Switch_Keyboard_Hotswap_Kailh:SW_Hotswap_Kailh_Choc_V1V2_1.00u,~,,,0.35,unit price
S5,1,4,,,,PCM_Switch_Keyboard_Hotswap_Kailh:SW_Hotswap_Kailh_Choc_V1V2_1.00u,~,,,0.35,unit price
S6,1,5,,,,PCM_Switch_Keyboard_Hotswap_Kailh:SW_Hotswap_Kailh_Choc_V1V2_1.00u,~,,,0.35,unit price
S7,1,6,,,,PCM_Switch_Keyboard_Hotswap_Kailh:SW_Hotswap_Kailh_Choc_V1V2_1.00u,~,,,0.35,unit price
S8,1,7,,,,PCM_Switch_Keyboard_Hotswap_Kailh:SW_Hotswap_Kailh_Choc_V1V2_1.00u,~,,,0.35,unit price
S9,1,8,,,,PCM_Switch_Keyboard_Hotswap_Kailh:SW_Hotswap_Kailh_Choc_V1V2_1.00u,~,,,0.35,unit price
S10,1,9,,,,PCM_Switch_Keyboard_Hotswap_Kailh:SW_Hotswap_Kailh_Choc_V1V2_1.00u,~,,,0.35,unit price
S11,1,0,,,,PCM_Switch_Keyboard_Hotswap_Kailh:SW_Hotswap_Kailh_Choc_V1V2_1.00u,~,,,0.35,unit price
S12,1,-,,,,PCM_Switch_Keyboard_Hotswap_Kailh:SW_Hotswap_Kailh_Choc_V1V2_1.00u,~,,,0.35,unit price
S13,1,=,,,,PCM_Switch_Keyboard_Hotswap_Kailh:SW_Hotswap_Kailh_Choc_V1V2_1.00u,~,,,0.35,unit price
S14,1,],,,,PCM_Switch_Keyboard_Hotswap_Kailh:SW_Hotswap_Kailh_Choc_V1V2_1.00u,~,,,0.35,unit price
S15,1,backspace,,,,PCM_Switch_Keyboard_Hotswap_Kailh:SW_Hotswap_Kailh_Choc_V1V2_1.00u,~,,,0.35,unit price
S16,1,tab,,,,PCM_Switch_Keyboard_Hotswap_Kailh:SW_Hotswap_Kailh_Choc_V1V2_1.00u,~,,,0.35,unit price
S17,1,space2,,,,PCM_Switch_Keyboard_Hotswap_Kailh:SW_Hotswap_Kailh_Choc_V1V2_1.25u,~,,,0.35,unit price
S18,1,q,,,,PCM_Switch_Keyboard_Hotswap_Kailh:SW_Hotswap_Kailh_Choc_V1V2_1.00u,~,,,0.35,unit price
S19,1,w,,,,PCM_Switch_Keyboard_Hotswap_Kailh:SW_Hotswap_Kailh_Choc_V1V2_1.00u,~,,,0.35,unit price
S20,1,e,,,,PCM_Switch_Keyboard_Hotswap_Kailh:SW_Hotswap_Kailh_Choc_V1V2_1.00u,~,,,0.35,unit price
S21,1,r,,,,PCM_Switch_Keyboard_Hotswap_Kailh:SW_Hotswap_Kailh_Choc_V1V2_1.00u,~,,,0.35,unit price
S22,1,t,,,,PCM_Switch_Keyboard_Hotswap_Kailh:SW_Hotswap_Kailh_Choc_V1V2_1.00u,~,,,0.35,unit price
S23,1,y,,,,PCM_Switch_Keyboard_Hotswap_Kailh:SW_Hotswap_Kailh_Choc_V1V2_1.00u,~,,,0.35,unit price
S24,1,u,,,,PCM_Switch_Keyboard_Hotswap_Kailh:SW_Hotswap_Kailh_Choc_V1V2_1.00u,~,,,0.35,unit price
S25,1,i,,,,PCM_Switch_Keyboard_Hotswap_Kailh:SW_Hotswap_Kailh_Choc_V1V2_1.00u,~,,,0.35,unit price
S26,1,o,,,,PCM_Switch_Keyboard_Hotswap_Kailh:SW_Hotswap_Kailh_Choc_V1V2_1.00u,~,,,0.35,unit price
S27,1,p,,,,PCM_Switch_Keyboard_Hotswap_Kailh:SW_Hotswap_Kailh_Choc_V1V2_1.00u,~,,,0.35,unit price
S28,1,[,,,,PCM_Switch_Keyboard_Hotswap_Kailh:SW_Hotswap_Kailh_Choc_V1V2_1.00u,~,,,0.35,unit price
S29,1,space1,,,,PCM_Switch_Keyboard_Hotswap_Kailh:SW_Hotswap_Kailh_Choc_V1V2_1.25u,~,,,0.35,unit price
"S30,S48",2,\,,,,PCM_Switch_Keyboard_Hotswap_Kailh:SW_Hotswap_Kailh_Choc_V1V2_1.00u,~,,,0.35,unit price
S31,1,caps/layer,,,,PCM_Switch_Keyboard_Hotswap_Kailh:SW_Hotswap_Kailh_Choc_V1V2_1.00u,~,,,0.35,unit price
S33,1,a,,,,PCM_Switch_Keyboard_Hotswap_Kailh:SW_Hotswap_Kailh_Choc_V1V2_1.00u,~,,,0.35,unit price
S34,1,s,,,,PCM_Switch_Keyboard_Hotswap_Kailh:SW_Hotswap_Kailh_Choc_V1V2_1.00u,~,,,0.35,unit price
S35,1,d,,,,PCM_Switch_Keyboard_Hotswap_Kailh:SW_Hotswap_Kailh_Choc_V1V2_1.00u,~,,,0.35,unit price
S36,1,f,,,,PCM_Switch_Keyboard_Hotswap_Kailh:SW_Hotswap_Kailh_Choc_V1V2_1.00u,~,,,0.35,unit price
S37,1,g,,,,PCM_Switch_Keyboard_Hotswap_Kailh:SW_Hotswap_Kailh_Choc_V1V2_1.00u,~,,,0.35,unit price
S38,1,h,,,,PCM_Switch_Keyboard_Hotswap_Kailh:SW_Hotswap_Kailh_Choc_V1V2_1.00u,~,,,0.35,unit price
S39,1,j,,,,PCM_Switch_Keyboard_Hotswap_Kailh:SW_Hotswap_Kailh_Choc_V1V2_1.00u,~,,,0.35,unit price
S40,1,k,,,,PCM_Switch_Keyboard_Hotswap_Kailh:SW_Hotswap_Kailh_Choc_V1V2_1.00u,~,,,0.35,unit price
S41,1,l,,,,PCM_Switch_Keyboard_Hotswap_Kailh:SW_Hotswap_Kailh_Choc_V1V2_1.00u,~,,,0.35,unit price
S42,1,;,,,,PCM_Switch_Keyboard_Hotswap_Kailh:SW_Hotswap_Kailh_Choc_V1V2_1.00u,~,,,0.35,unit price
S43,1,',,,,PCM_Switch_Keyboard_Hotswap_Kailh:SW_Hotswap_Kailh_Choc_V1V2_1.00u,~,,,0.35,unit price
S45,1,enter,,,,PCM_Switch_Keyboard_Hotswap_Kailh:SW_Hotswap_Kailh_Choc_V1V2_1.25u,~,,,0.35,unit price
S46,1,shift,,,,PCM_Switch_Keyboard_Hotswap_Kailh:SW_Hotswap_Kailh_Choc_V1V2_1.00u,~,,,0.35,unit price
S49,1,z,,,,PCM_Switch_Keyboard_Hotswap_Kailh:SW_Hotswap_Kailh_Choc_V1V2_1.00u,~,,,0.35,unit price
S50,1,x,,,,PCM_Switch_Keyboard_Hotswap_Kailh:SW_Hotswap_Kailh_Choc_V1V2_1.00u,~,,,0.35,unit price
S51,1,c,,,,PCM_Switch_Keyboard_Hotswap_Kailh:SW_Hotswap_Kailh_Choc_V1V2_1.00u,~,,,0.35,unit price
S52,1,v,,,,PCM_Switch_Keyboard_Hotswap_Kailh:SW_Hotswap_Kailh_Choc_V1V2_1.00u,~,,,0.35,unit price
S53,1,b,,,,PCM_Switch_Keyboard_Hotswap_Kailh:SW_Hotswap_Kailh_Choc_V1V2_1.00u,~,,,0.35,unit price
S54,1,n,,,,PCM_Switch_Keyboard_Hotswap_Kailh:SW_Hotswap_Kailh_Choc_V1V2_1.00u,~,,,0.35,unit price
S55,1,m,,,,PCM_Switch_Keyboard_Hotswap_Kailh:SW_Hotswap_Kailh_Choc_V1V2_1.00u,~,,,0.35,unit price
S56,1,",",,,,PCM_Switch_Keyboard_Hotswap_Kailh:SW_Hotswap_Kailh_Choc_V1V2_1.00u,~,,,0.35,unit price
S57,1,.,,,,PCM_Switch_Keyboard_Hotswap_Kailh:SW_Hotswap_Kailh_Choc_V1V2_1.00u,~,,,0.35,unit price
S58,1,/,,,,PCM_Switch_Keyboard_Hotswap_Kailh:SW_Hotswap_Kailh_Choc_V1V2_1.00u,~,,,0.35,unit price
S60,1,shift,,,,PCM_Switch_Keyboard_Hotswap_Kailh:SW_Hotswap_Kailh_Choc_V1V2_1.25u,~,,,0.35,unit price
"S61,S75",2,control,,,,PCM_Switch_Keyboard_Hotswap_Kailh:SW_Hotswap_Kailh_Choc_V1V2_1.00u,~,,,0.35,unit price
S62,1,fn,,,,PCM_Switch_Keyboard_Hotswap_Kailh:SW_Hotswap_Kailh_Choc_V1V2_1.00u,~,,,0.35,unit price
"S63,S73",2,alt,,,,PCM_Switch_Keyboard_Hotswap_Kailh:SW_Hotswap_Kailh_Choc_V1V2_1.00u,~,,,0.35,unit price
S74,1,window,,,,PCM_Switch_Keyboard_Hotswap_Kailh:SW_Hotswap_Kailh_Choc_V1V2_1.00u,~,,,0.35,unit price
U1,1,Raspberry_Pi_Pico,,,,ScottoKeebs_MCU:Raspberry_Pi_Pico,,,$3.80 ,https://www.aliexpress.com/item/1005008379427391.html?spm=a2g0o.productlist.0.0.19694680NVdOID&mp=1&pdp_npi=6%40dis%21USD%21USD%203.80%21USD%203.80%21%21USD%203.80%21%21%21%4021030a6217694704877702707e4b9f%2112000044783544290%21ct%21CA%216967380896%21%211%210%21,
,,,,,,,,,,,
PCB Total Cost + shipping,,,,,,,,,$30.25 , shipping option, DDP
,,,,,,,,,,,
Total Keyswitches,,,62,,,,,,$27.52 ,https://www.aliexpress.us/item/3256808620484354.html?spm=a2g0o.productlist.main.17.7728wYEdwYEdYQ&algo_pvid=00c12c19-beca-4bf8-9d21-53f2122b1366&algo_exp_id=00c12c19-beca-4bf8-9d21-53f2122b1366-16&pdp_ext_f=%7B%22order%22%3A%22201%22%2C%22eval%22%3A%221%22%2C%22fromPage%22%3A%22search%22%7D&pdp_npi=6%40dis%21USD%2131.94%2124.94%21%21%21222.56%21173.78%21%402101eecd17670558908592838e9ff8%2112000046742202221%21sea%21US%210%21ABX%211%210%21n_tag%3A-29910%3Bd%3A423d5f1b%3Bm03_new_user%3A-29895%3BpisId%3A5000000187461913&curPageLogUid=S7K5j9DP5AhE&utparam-url=scene%3Asearch%7Cquery_from%3A%7Cx_object_id%3A1005008806799106%7C_p_origin_prod%3A,
,,,,,,,,,(First Purchase discount),,
Total Hotswap sockets,,,62,,,,,,$8.32 ,https://www.aliexpress.com/item/1005009312876316.html?spm=a2g0o.productlist.main.23.60264e2avlbvHs&algo_pvid=c3a6f23b-93ee-41e9-bea1-b97caf570a1e&algo_exp_id=c3a6f23b-93ee-41e9-bea1-b97caf570a1e-20&pdp_ext_f=%7B%22order%22%3A%2210%22%2C%22spu_best_type%22%3A%22price%22%2C%22eval%22%3A%221%22%2C%22fromPage%22%3A%22search%22%7D&pdp_npi=6%40dis%21USD%214.37%211.14%21%21%214.37%211.14%21%402101eecd17670650022056017e9fd3%2112000048712098102%21sea%21CA%216967380896%21ABX%211%210%21n_tag%3A-29910%3Bd%3Ad6f22de0%3Bm03_new_user%3A-29895%3BpisId%3A5000000187474242&curPageLogUid=QmGdVVpTZLfK&utparam-url=scene%3Asearch%7Cquery_from%3A%7Cx_object_id%3A1005009312876316%7C_p_origin_prod%3A,
,,,,,,,,,,,
,,,,,Total Cost,,,,$73.04 ,,


